5	8	16	17	27	4	7	2025-01-01
19	21	22	28	32	6	9	2025-01-04
10	25	30	32	34	4	10	2025-01-06
2	5	9	13	33	1	7	2025-01-08
5	6	8	31	32	9	11	2025-01-11
3	4	13	19	35	3	10	2025-01-13
15	22	23	25	31	1	9	2025-01-15
1	5	7	13	35	5	12	2025-01-18
3	19	21	30	32	6	9	2025-01-20
5	21	28	30	32	7	12	2025-01-22
3	6	7	11	27	2	8	2025-01-25
2	18	19	21	25	2	11	2025-02-08
14	16	18	20	35	2	5	2025-02-10
5	19	22	29	35	2	10	2025-02-12
7	10	24	31	35	1	8	2025-02-15
5	7	12	20	29	8	12	2025-02-17
10	12	26	28	31	3	10	2025-02-19
1	7	9	20	28	1	4	2025-02-22
7	8	11	18	23	3	11	2025-02-24
1	9	12	22	29	5	9	2025-02-26
10	18	25	30	35	3	12	2025-03-01
1	11	13	27	29	4	10	2025-03-03
10	20	22	24	25	9	12	2025-03-05
6	12	13	16	23	5	8	2025-03-08
3	6	8	10	25	3	7	2025-03-10
2	3	7	17	30	1	9	2025-03-12
3	6	11	13	20	1	11	2025-03-15
6	8	20	25	29	3	7	2025-03-17
5	9	26	31	33	3	10	2025-03-19
3	9	14	24	28	6	7	2025-03-22
14	18	20	25	35	1	7	2025-03-24
12	22	25	27	28	1	2	2025-03-26
1	2	8	10	33	10	12	2025-03-29
4	15	22	28	33	6	8	2025-03-31
22	25	28	29	30	4	8	2025-04-02
4	7	13	27	30	2	6	2025-04-05
5	20	23	27	31	4	6	2025-04-07
7	8	20	26	34	8	9	2025-04-09
3	7	14	15	19	6	10	2025-04-12
2	8	16	31	32	4	12	2025-04-14
3	4	21	22	27	5	11	2025-04-16
6	8	11	18	20	5	11	2025-04-19
3	16	20	21	27	9	11	2025-04-21
15	17	21	22	26	2	8	2025-04-23
8	11	21	23	27	3	8	2025-04-26
4	10	15	20	34	4	7	2025-04-28
3	10	11	12	21	2	3	2025-04-30
2	6	17	23	35	6	11	2025-05-03
9	20	22	29	34	3	8	2025-05-05
15	18	20	21	34	4	10	2025-05-07
2	4	13	29	31	5	12	2025-05-10
2	4	11	29	30	2	8	2025-05-12
14	23	29	30	33	6	12	2025-05-14
3	12	16	21	29	1	2	2025-05-17
8	10	25	29	30	1	2	2025-05-19
12	15	28	29	32	8	11	2025-05-21
9	10	11	12	29	1	10	2025-05-24
6	11	15	21	23	1	7	2025-05-26
3	9	10	11	26	1	2	2025-05-28
12	14	19	33	34	1	7	2025-05-31
2	11	16	23	28	5	10	2025-06-02
14	20	27	28	29	6	10	2025-06-04
5	18	26	29	32	7	10	2025-06-07
5	10	18	20	34	1	8	2025-06-09
7	25	32	33	35	4	9	2025-06-11
15	18	27	28	34	3	6	2025-06-14
6	10	12	21	22	1	6	2025-06-16
1	4	17	20	22	4	10	2025-06-18
4	6	7	33	34	9	10	2025-06-21
8	9	15	20	22	4	12	2025-06-23
1	8	25	31	33	5	11	2025-06-25
4	7	15	24	29	1	4	2025-06-28
1	4	17	33	34	3	9	2025-06-30
2	11	15	18	21	5	10	2025-07-02
8	12	16	19	35	6	9	2025-07-05
11	18	22	25	29	4	12	2025-07-07
12	14	16	19	28	1	4	2025-07-09
7	10	15	21	24	5	6	2025-07-12
2	14	32	34	35	5	11	2025-07-14
9	10	18	22	24	3	12	2025-07-16
1	4	6	15	18	2	3	2025-07-19
2	3	4	12	26	1	8	2025-07-21
12	17	18	20	34	2	5	2025-07-23
9	11	13	18	29	4	11	2025-07-26
2	5	9	14	33	4	9	2025-07-28
2	6	23	24	33	1	10	2025-07-30
5	13	14	16	20	3	8	2025-08-02
8	9	10	11	35	5	11	2025-08-04
2	11	12	32	34	3	10	2025-08-06
6	14	19	22	27	1	4	2025-08-09
1	19	22	25	27	3	10	2025-08-11
4	10	17	25	32	5	7	2025-08-13
1	7	9	16	30	2	5	2025-08-16
4	9	17	30	33	5	9	2025-08-18
7	13	14	19	27	6	10	2025-08-20
2	11	17	22	24	7	9	2025-08-23
5	24	25	32	34	1	9	2025-08-25
1	7	9	10	23	10	12	2025-08-27
6	12	20	26	31	2	4	2025-08-30
26	28	32	34	35	2	7	2025-09-01
5	7	19	26	32	8	9	2025-09-03
9	10	13	26	28	2	4	2025-09-06
5	8	19	32	34	4	5	2025-09-08
2	6	9	22	34	2	8	2025-09-10
15	16	25	28	34	10	12	2025-09-13
5	6	11	26	29	5	10	2025-09-15
5	7	8	15	33	6	10	2025-09-17
14	18	21	24	29	3	6	2025-09-20
4	8	10	13	26	9	10	2025-09-22
1	15	22	30	31	2	8	2025-09-24
2	9	14	21	26	2	12	2025-09-27
3	4	21	23	24	9	12	2025-09-29
1	14	18	28	35	2	3	2025-10-06
3	8	9	12	16	1	5	2025-10-08
3	12	14	21	35	1	5	2025-10-11
2	6	16	22	29	8	12	2025-10-13
5	10	18	21	29	5	7	2025-10-15
2	8	9	12	21	4	5	2025-10-18
8	15	27	29	31	1	7	2025-10-20
11	13	22	26	35	2	8	2025-10-22
2	3	8	13	21	7	12	2025-10-25
2	3	6	16	17	4	5	2025-10-27
8	13	24	25	31	4	10	2025-10-29
6	9	14	26	27	8	9	2025-11-01
10	11	13	19	35	4	11	2025-11-03
1	8	18	27	30	6	7	2025-11-05
4	5	19	28	29	5	8	2025-11-08
3	6	26	30	33	11	12	2025-11-10
3	9	14	28	35	2	4	2025-11-12
1	13	16	27	29	2	11	2025-11-15
3	8	25	29	32	9	12	2025-11-17
1	9	10	12	19	6	7	2025-11-19
4	11	23	27	35	7	11	2025-11-22
7	12	18	27	33	9	10	2025-11-24
2	10	16	28	32	1	7	2025-11-26
7	11	15	16	23	9	11	2025-11-29


